-- MySQL dump 10.13  Distrib 8.0.34, for Win64 (x86_64)
--
-- Host: 127.0.0.1    Database: job
-- ------------------------------------------------------
-- Server version	8.1.0

/*!40101 SET @OLD_CHARACTER_SET_CLIENT=@@CHARACTER_SET_CLIENT */;
/*!40101 SET @OLD_CHARACTER_SET_RESULTS=@@CHARACTER_SET_RESULTS */;
/*!40101 SET @OLD_COLLATION_CONNECTION=@@COLLATION_CONNECTION */;
/*!50503 SET NAMES utf8 */;
/*!40103 SET @OLD_TIME_ZONE=@@TIME_ZONE */;
/*!40103 SET TIME_ZONE='+00:00' */;
/*!40014 SET @OLD_UNIQUE_CHECKS=@@UNIQUE_CHECKS, UNIQUE_CHECKS=0 */;
/*!40014 SET @OLD_FOREIGN_KEY_CHECKS=@@FOREIGN_KEY_CHECKS, FOREIGN_KEY_CHECKS=0 */;
/*!40101 SET @OLD_SQL_MODE=@@SQL_MODE, SQL_MODE='NO_AUTO_VALUE_ON_ZERO' */;
/*!40111 SET @OLD_SQL_NOTES=@@SQL_NOTES, SQL_NOTES=0 */;

--
-- Table structure for table `apply_job`
--

DROP TABLE IF EXISTS `apply_job`;
/*!40101 SET @saved_cs_client     = @@character_set_client */;
/*!50503 SET character_set_client = utf8mb4 */;
CREATE TABLE `apply_job` (
  `id` int NOT NULL AUTO_INCREMENT,
  `idUser` int NOT NULL,
  `idJob` int NOT NULL,
  `name` varchar(255) NOT NULL,
  `email` varchar(255) NOT NULL,
  `phone` varchar(100) NOT NULL,
  `status` int NOT NULL,
  `letter` varchar(10000) DEFAULT NULL,
  `cv` varchar(100) DEFAULT NULL,
  `createdAt` datetime DEFAULT NULL,
  `deletedAt` datetime DEFAULT NULL,
  UNIQUE KEY `id_UNIQUE` (`id`),
  KEY `id_user_idx` (`idUser`),
  KEY `id_job_idx` (`idJob`),
  CONSTRAINT `idJob` FOREIGN KEY (`idJob`) REFERENCES `jobs` (`id`) ON DELETE CASCADE ON UPDATE CASCADE,
  CONSTRAINT `idUser` FOREIGN KEY (`idUser`) REFERENCES `users` (`id`) ON DELETE CASCADE ON UPDATE CASCADE
) ENGINE=InnoDB AUTO_INCREMENT=32 DEFAULT CHARSET=utf8mb4 COLLATE=utf8mb4_0900_ai_ci;
/*!40101 SET character_set_client = @saved_cs_client */;

--
-- Dumping data for table `apply_job`
--

LOCK TABLES `apply_job` WRITE;
/*!40000 ALTER TABLE `apply_job` DISABLE KEYS */;
INSERT INTO `apply_job` VALUES (4,17,14,'asdasd','tanmai833@gmail.com','2334324324',5,'<p>asdasdasd</p>',NULL,'2023-11-19 19:53:22',NULL),(5,17,11,'Đinh Tấn Mãi','1@g.com','0372481800',3,'<p>123123123</p>',NULL,'2023-11-19 20:36:46',NULL),(9,17,13,'Đinh Tấn Mãi','1@gmail.com','123456',4,'<p>ádassadasdasdasdasd</p>',NULL,'2023-11-19 22:58:39',NULL),(10,17,9,'Đinh Tấn Mãi','1@gmail.com','0372481800',4,'<p>ádasdasd</p>',NULL,'2023-11-19 23:01:13','2023-12-28 21:03:26'),(11,17,10,'ádasds','1@g.com','1312312312',3,'<p>ádasdasdsa</p>',NULL,'2023-11-19 23:02:20',NULL),(13,18,14,'asdasdasdasd','2@g.com','12345678',2,'<p>asdasdasdasdasd</p>',NULL,'2023-11-24 10:38:11',NULL),(17,18,4,'Đinh Tấn qdasdasdasda','maigamer165@gmail.com','123456',2,'<p>asdasdasdasdasdasdasdas</p>',NULL,'2023-12-07 19:02:48',NULL),(20,18,8,'Đinh Tấn qdasdasdasda','2@g.com','123456789',1,'<p>xin chao day la lan thu 3</p><p><br></p>','17025646529872_MAU_BIA_CHINH.doc','2023-12-14 21:37:33',NULL),(21,18,15,'Đinh Tấn qdasdasdasda','2@g.com','123456789',2,'<p>xin chao nhà tuyển dụng </p>','17025653063500_Mot_so_quy_dinh_chung.pdf','2023-12-14 21:48:26',NULL),(22,18,17,'Đinh Tấn qdasdasdasda','2@g.com','123456789',1,'<p>asdasdasdasd</p>','17026117541344_MAU_BAO_CAO.doc','2023-12-15 10:42:34',NULL),(23,18,11,'Nguyễn Thanh Hương','2@g.com','123456789',1,'<p>ewfefsadasd</p>','1702903576019Chuong2_CacmohinhkinhdoanhTMDT.pdf','2023-12-18 19:46:16',NULL),(26,17,8,'Đinh Tấn Mãi','1@g.com','123',5,'<p>Xin chào nhà tuyển dụng</p>','1703772245336Chuong1_TongquanveTMDT.pdf','2023-12-28 21:04:05',NULL),(27,19,17,'Phạm Văn Đức','3@g.com','123',1,'<p>dasdasdasd</p>','1703781503748huou.docx','2023-12-28 23:38:26',NULL),(28,17,17,'Đinh Tấn Mãi','1@g.com','12312312',2,'<p>ádasdasdas</p>','17043720206762. Khai niem co ban Cloud Computing.pdf','2024-01-04 19:40:20',NULL);
/*!40000 ALTER TABLE `apply_job` ENABLE KEYS */;
UNLOCK TABLES;

--
-- Table structure for table `companies`
--

DROP TABLE IF EXISTS `companies`;
/*!40101 SET @saved_cs_client     = @@character_set_client */;
/*!50503 SET character_set_client = utf8mb4 */;
CREATE TABLE `companies` (
  `id` int NOT NULL AUTO_INCREMENT,
  `nameCompany` varchar(255) NOT NULL,
  `nameAdmin` varchar(255) NOT NULL,
  `email` varchar(255) NOT NULL,
  `password` varchar(255) NOT NULL,
  `avatarPic` varchar(255) DEFAULT NULL,
  `phone` varchar(45) DEFAULT NULL,
  `idProvince` int NOT NULL,
  `intro` varchar(10000) DEFAULT NULL,
  `scale` varchar(100) DEFAULT NULL,
  `web` varchar(100) DEFAULT NULL,
  PRIMARY KEY (`id`),
  UNIQUE KEY `id_UNIQUE` (`id`),
  UNIQUE KEY `email_UNIQUE` (`email`),
  KEY `idProvince_idx` (`idProvince`),
  CONSTRAINT `idProvinceCpn` FOREIGN KEY (`idProvince`) REFERENCES `provinces` (`id`)
) ENGINE=InnoDB AUTO_INCREMENT=15 DEFAULT CHARSET=utf8mb4 COLLATE=utf8mb4_0900_ai_ci;
/*!40101 SET character_set_client = @saved_cs_client */;

--
-- Dumping data for table `companies`
--

LOCK TABLES `companies` WRITE;
/*!40000 ALTER TABLE `companies` DISABLE KEYS */;
INSERT INTO `companies` VALUES (6,'Facebook','facebook','1@g.com','$2b$10$bW8w6qbjcILPiNynEB7dwedVrO0hO1mmlzPfFizU6zJnR994cY9Om','1702815132513blob','12345678',79,'<ol><li><strong>Facebook</strong>, American online&nbsp;<a href=\"https://www.britannica.com/topic/social-media\" rel=\"noopener noreferrer\" target=\"_blank\" style=\"color: var(--link-color);\">social media</a>&nbsp;platform and&nbsp;<a href=\"https://www.britannica.com/technology/social-network\" rel=\"noopener noreferrer\" target=\"_blank\" style=\"color: var(--link-color);\"><strong>social network</strong></a>&nbsp;service that is part of the company&nbsp;<a href=\"https://www.britannica.com/topic/Meta-Platforms\" rel=\"noopener noreferrer\" target=\"_blank\" style=\"color: var(--link-color);\">Meta Platforms.</a>&nbsp;Facebook was founded in 2004 by&nbsp;<a href=\"https://www.britannica.com/biography/Mark-Zuckerberg\" rel=\"noopener noreferrer\" target=\"_blank\" style=\"color: var(--link-color);\"><strong>Mark Zuckerberg</strong></a>, Eduardo Saverin,&nbsp;<a href=\"https://www.britannica.com/biography/Dustin-Moskovitz\" rel=\"noopener noreferrer\" target=\"_blank\" style=\"color: var(--link-color);\">Dustin Moskovitz</a>, and&nbsp;<a href=\"https://www.britannica.com/biography/Chris-Hughes\" rel=\"noopener noreferrer\" target=\"_blank\" style=\"color: var(--link-color);\">Chris Hughes</a>, all of whom were students at&nbsp;<a href=\"https://www.britannica.com/topic/Harvard-University\" rel=\"noopener noreferrer\" target=\"_blank\" style=\"color: var(--link-color);\">Harvard University</a>. Facebook became the largest social network in the world, with nearly three billion users as of 2021, and about half that number were using Facebook every day. The company’s headquarters are in&nbsp;<a href=\"https://www.britannica.com/place/Menlo-Park-California\" rel=\"noopener noreferrer\" target=\"_blank\" style=\"color: var(--link-color);\">Menlo Park</a>,&nbsp;<a href=\"https://www.britannica.com/place/California-state\" rel=\"noopener noreferrer\" target=\"_blank\" style=\"color: var(--link-color);\">California</a>.</li><li>Access to Facebook is free of charge, and the company earns most of its money from advertisements on the website. New users can create profiles, upload photos, join a preexisting group, and start new groups. The site has many components, including Timeline, a space on each user’s profile page where users can post their content and friends can post messages; Status, which enables users to alert friends to their current location or situation; and News Feed, which informs users of changes to their friends’ profiles and status. Users can chat with each other and send each other private messages. Users can signal their approval of content on Facebook with the Like button, a feature that also appears on many other websites. Other services that are part of Meta Platforms are&nbsp;<a href=\"https://www.britannica.com/topic/Instagram\" rel=\"noopener noreferrer\" target=\"_blank\" style=\"color: var(--link-color);\">Instagram</a>, a photo- and video-sharing social network; Messenger, an instant-messaging application; and WhatsApp, a text-message and&nbsp;<a href=\"https://www.britannica.com/technology/VoIP\" rel=\"noopener noreferrer\" target=\"_blank\" style=\"color: var(--link-color);\">VoIP</a>&nbsp;service.</li></ol><p><br></p>','10 - 20','https://www.facebook.com'),(7,'Microsoft','Microsoft','2@g.com','$2b$10$W/pZ.utszFPrQqksI0FlauIGq/L9UDavyEgN8v0vBD7sUSG3p1tXy','1702815314183blob','123456',84,'<p>Lorem ipsum dolor sit amet consectetur adipisicing elit. Esse repellat fugit, mollitia quaerat possimus laboriosam<span style=\"color: rgb(255, 121, 198);\">!</span> Aut quo architecto tempore<span style=\"color: rgb(255, 121, 198);\">!</span> Provident accusamus reprehenderit quasi labore iusto, cumque minima. Nulla, temporibus officia<span style=\"color: rgb(255, 121, 198);\">!</span></p><p><br></p><p>Lorem ipsum dolor sit amet consectetur adipisicing elit. Esse repellat fugit, mollitia quaerat possimus laboriosam<span style=\"color: rgb(255, 121, 198);\">!</span> Aut quo architecto tempore<span style=\"color: rgb(255, 121, 198);\">!</span> Provident accusamus reprehenderit quasi labore iusto, cumque minima. Nulla, temporibus officia<span style=\"color: rgb(255, 121, 198);\">!</span>Lorem ipsum dolor sit amet consectetur adipisicing elit. Esse repellat fugit, mollitia quaerat possimus laboriosam<span style=\"color: rgb(255, 121, 198);\">!</span> Aut quo architecto tempore<span style=\"color: rgb(255, 121, 198);\">!</span> Provident accusamus reprehenderit quasi labore iusto, cumque minima. Nulla, temporibus officia<span style=\"color: rgb(255, 121, 198);\">!</span>Lorem ipsum dolor sit amet consectetur adipisicing elit. Esse repellat fugit, mollitia quaerat possimus laboriosam<span style=\"color: rgb(255, 121, 198);\">!</span> Aut quo architecto tempore<span style=\"color: rgb(255, 121, 198);\">!</span> Provident accusamus reprehenderit quasi labore iusto, cumque minima. Nulla, temporibus officia<span style=\"color: rgb(255, 121, 198);\">!</span>Lorem ipsum dolor sit amet consectetur adipisicing elit. Esse repellat fugit, mollitia quaerat possimus laboriosam<span style=\"color: rgb(255, 121, 198);\">!</span> Aut quo architecto tempore<span style=\"color: rgb(255, 121, 198);\">!</span> Provident accusamus reprehenderit quasi labore iusto, cumque minima. Nulla, temporibus officia<span style=\"color: rgb(255, 121, 198);\">!</span>Lorem ipsum dolor sit amet consectetur adipisicing elit. Esse repellat fugit, mollitia quaerat possimus laboriosam<span style=\"color: rgb(255, 121, 198);\">!</span> Aut quo architecto tempore<span style=\"color: rgb(255, 121, 198);\">!</span> Provident accusamus reprehenderit quasi labore iusto, cumque minima. Nulla, temporibus officia<span style=\"color: rgb(255, 121, 198);\">!</span></p>','20 - 100',NULL),(8,'Apple','Apple','3@g.com','$2b$10$AKpQcdx4aoj2oLZ9N1qxteRlPTimuB5otIKS.OeIi6G2WgNkmZwkC','1702815732063blob','123456',1,NULL,'nhiều hơn 5000',NULL),(9,'Starbucks','starbucks','4@g.com','$2b$10$qdINPBntcbTqUVJGkqGmQ.l8PqKxF6snmSR3ecazW7t4HThn8WT.O','1702815902372blob','0372481800',84,NULL,'nhiều hơn 5000',NULL),(10,'NVIDIA','NVIDIA','5@g.com','$2b$10$4YZDdS1y3xMvtTQ7EvwiROW8d.RXXwhqXZJzq6UsGK/drZUqrFRtG','1702816120907blob','123456',2,NULL,'10 - 20','https://www.nvidia.com/'),(11,'Lego','Lego','6@g.com','$2b$10$1PKNxwNlky2bapRQ2XdRBOPbFODlMxwL3D6uRYpZ6oW/spDx0P2s6','1702816283873blob','123456',74,NULL,'nhiều hơn 5000',NULL),(12,'FPT Software','FPT Software','7@g.com','$2b$10$DUJdTElVFbpaVeRk.bOsT.uhd9VRxACJwqHeFhfogvPlcD3RKlhBO','1702816422690blob','123456',1,NULL,'1000 - 5000','https://fptsoftware.com/'),(13,'Netflix VN','Netflix VN','8@g.com','$2b$10$qc7Ogm/PaVAWO4Nk48YKWus2ygr0GPyYM//jXm34NQXRQusE80cAG','1702816596814blob','123456',48,NULL,'10 - 20',NULL),(14,'Vinamilk','Vinamilk','9@g.com','$2b$10$WDtDO3AjtX3TUKmj2l9HIeU4tcVC3Wh6TtYdn5qVJmU8YaVfB1gam','1702818380866blob','123456',31,NULL,'500 - 1000',NULL);
/*!40000 ALTER TABLE `companies` ENABLE KEYS */;
UNLOCK TABLES;

--
-- Table structure for table `fields`
--

DROP TABLE IF EXISTS `fields`;
/*!40101 SET @saved_cs_client     = @@character_set_client */;
/*!50503 SET character_set_client = utf8mb4 */;
CREATE TABLE `fields` (
  `id` int NOT NULL,
  `name` varchar(100) NOT NULL,
  `typeField` varchar(100) DEFAULT NULL,
  PRIMARY KEY (`id`),
  UNIQUE KEY `id_UNIQUE` (`id`)
) ENGINE=InnoDB DEFAULT CHARSET=utf8mb4 COLLATE=utf8mb4_0900_ai_ci;
/*!40101 SET character_set_client = @saved_cs_client */;

--
-- Dumping data for table `fields`
--

LOCK TABLES `fields` WRITE;
/*!40000 ALTER TABLE `fields` DISABLE KEYS */;
INSERT INTO `fields` VALUES (1,'Biên phiên dịch / Thông dịch viên','Bộ phân hổ trợ'),(2,'Nhân sự','Bộ phân hổ trợ'),(3,'Pháp lý / Luật','Bộ phân hổ trợ'),(4,'Thư ký / Hành Chính','Bộ phân hổ trợ'),(5,'An ninh / Bảo vệ','Dịch vụ'),(6,'Bán lẻ / Bán sỉ','Dịch vụ'),(7,'Chăm sóc sức khỏe / Y tế','Dịch vụ'),(8,'Dịch vụ khách hàng','Dịch vụ'),(9,'Giáo dục / Đào tạo / Thư viện','Dịch vụ'),(10,'Phi chính phủ / Phi lợi nhuận','Dịch vụ'),(11,'Bảo hiểm','Dịch vụ tài chính'),(12,'Kế toán / Kiểm toán','Dịch vụ tài chính'),(13,'Ngân hàng / Chứng khoán','Dịch vụ tài chính'),(14,'Tài chính / Đầu tư','Dịch vụ tài chính'),(15,'Bán hàng / Kinh doanh','Dịch vụ khách hàng'),(16,'Hàng gia dụng','Dịch vụ khách hàng'),(17,'Quảng cáo / Đối ngoại','Dịch vụ khách hàng'),(18,'Thời trang','Dịch vụ khách hàng'),(19,'Tiếp thị','Dịch vụ khách hàng'),(20,'Tư vấn','Dịch vụ khách hàng'),(22,'Quản lý chất lượng','Hổ trợ sản xuất'),(23,'Vận chuyển / Giao hàng / Kho bãi','Hổ trợ sản xuất'),(24,'Vật tư / Thu mua','Hổ trợ sản xuất'),(25,'Xuất nhập khẩu / Ngoại thương','Hổ trợ sản xuất'),(26,'CNTT - Phần mềm','Công nghệ thông tin'),(27,'CNTT - Phần cứng / Mạng','Công nghệ thông tin'),(28,'Du lịch','Khách sạn / Du lịch'),(29,'Khách sạn','Khách sạn / Du lịch'),(30,'Nhà hàng / Dịch vụ ăn uống','Khách sạn / Du lịch'),(31,'Bảo trì / Sửa chữa','Kỹ thuật'),(32,'Điên lạnh / Nhiệt lạnh','Kỹ thuật'),(33,'Dược / Sinh học','Kỹ thuật'),(34,'Điện / Điện tử','Kỹ thuật'),(35,'Kỹ thuật ứng dụng / Cơ khí','Kỹ thuật'),(36,'Môi trường / Xử lý chất thải','Kỹ thuật'),(37,'An toàn lao động','Sản xuất'),(38,'Dầu khí / Khoáng sản','Sản xuất'),(39,'Dệt may / Da giày','Sản xuất'),(40,'Đồ gỗ','Sản xuất'),(41,'Hóa chất / Sinh hóa / Thực phẩm','Sản xuất'),(42,'Nông nghiệp / Lâm nghiệp','Sản xuất'),(43,'Ô tô','Sản xuất'),(44,'Sản xuất / Vận hành sản xuất','Sản xuất'),(45,'Thủy hải sản','Sản xuất'),(46,'Bất động sản','Xây dựng / Bất động sản'),(47,'Kiến trúc','Xây dựng / Bất động sản'),(48,'Nội thất / Ngoại thất','Xây dựng / Bất động sản'),(49,'Xây dựng','Xây dựng / Bất động sản'),(50,'Báo chí / Biên tập viên / Xuất bản','Truyền thông'),(51,'Nghệ thuật / Thiết kế','Truyền thông'),(52,'Viễn thông','Truyền thông'),(53,'Lao động phổ thông','Theo đối tượng'),(54,'Mới tốt nghiệp / Thực tập','Theo đối tượng'),(55,'Người nước ngoài','Theo đối tượng'),(56,'Quản lý điều hành','Theo đối tượng'),(57,'Khác','Khác'),(58,'Spa / Làm đẹp','Dịch vụ');
/*!40000 ALTER TABLE `fields` ENABLE KEYS */;
UNLOCK TABLES;

--
-- Table structure for table `follow_company`
--

DROP TABLE IF EXISTS `follow_company`;
/*!40101 SET @saved_cs_client     = @@character_set_client */;
/*!50503 SET character_set_client = utf8mb4 */;
CREATE TABLE `follow_company` (
  `id` int NOT NULL AUTO_INCREMENT,
  `idUser` int NOT NULL,
  `idCompany` int NOT NULL,
  `createdAt` datetime DEFAULT NULL,
  PRIMARY KEY (`id`),
  UNIQUE KEY `id_UNIQUE` (`id`),
  KEY `id_user_idx` (`idUser`),
  KEY `id_company_idx` (`idCompany`),
  CONSTRAINT `id_company_follow` FOREIGN KEY (`idCompany`) REFERENCES `companies` (`id`),
  CONSTRAINT `id_user_follow` FOREIGN KEY (`idUser`) REFERENCES `users` (`id`)
) ENGINE=InnoDB AUTO_INCREMENT=190 DEFAULT CHARSET=utf8mb4 COLLATE=utf8mb4_0900_ai_ci;
/*!40101 SET character_set_client = @saved_cs_client */;

--
-- Dumping data for table `follow_company`
--

LOCK TABLES `follow_company` WRITE;
/*!40000 ALTER TABLE `follow_company` DISABLE KEYS */;
INSERT INTO `follow_company` VALUES (54,20,6,NULL),(117,18,7,NULL),(123,18,10,NULL),(129,18,9,'2023-12-16 21:29:16'),(137,18,6,'2023-12-18 20:21:13'),(157,17,7,'2023-12-28 15:50:03'),(165,17,6,'2023-12-28 15:51:52'),(184,19,7,'2024-01-01 00:16:18'),(185,19,9,'2024-01-01 00:16:23'),(186,19,11,'2024-01-01 00:16:28'),(189,17,8,'2024-01-04 21:51:38');
/*!40000 ALTER TABLE `follow_company` ENABLE KEYS */;
UNLOCK TABLES;

--
-- Table structure for table `jobs`
--

DROP TABLE IF EXISTS `jobs`;
/*!40101 SET @saved_cs_client     = @@character_set_client */;
/*!50503 SET character_set_client = utf8mb4 */;
CREATE TABLE `jobs` (
  `id` int NOT NULL AUTO_INCREMENT,
  `idCompany` int NOT NULL,
  `idField` int NOT NULL,
  `idProvince` int NOT NULL,
  `nameJob` varchar(255) DEFAULT NULL,
  `request` varchar(5000) DEFAULT NULL,
  `desc` varchar(5000) DEFAULT NULL,
  `other` varchar(5000) DEFAULT NULL,
  `salaryMin` int DEFAULT NULL,
  `salaryMax` int DEFAULT NULL,
  `sex` varchar(45) DEFAULT NULL,
  `typeWork` varchar(100) DEFAULT NULL,
  `education` varchar(100) DEFAULT NULL,
  `experience` varchar(100) DEFAULT NULL,
  `createdAt` datetime DEFAULT NULL,
  `deletedAt` datetime DEFAULT NULL,
  PRIMARY KEY (`id`),
  UNIQUE KEY `id_UNIQUE` (`id`),
  KEY `idCompany_idx` (`idCompany`),
  KEY `idField_idx` (`idField`),
  KEY `idProvince_idx` (`idProvince`),
  CONSTRAINT `idCompany` FOREIGN KEY (`idCompany`) REFERENCES `companies` (`id`) ON DELETE CASCADE ON UPDATE CASCADE,
  CONSTRAINT `idField` FOREIGN KEY (`idField`) REFERENCES `fields` (`id`) ON UPDATE CASCADE,
  CONSTRAINT `idProvince` FOREIGN KEY (`idProvince`) REFERENCES `provinces` (`id`) ON UPDATE CASCADE
) ENGINE=InnoDB AUTO_INCREMENT=26 DEFAULT CHARSET=utf8mb4 COLLATE=utf8mb4_0900_ai_ci;
/*!40101 SET character_set_client = @saved_cs_client */;

--
-- Dumping data for table `jobs`
--

LOCK TABLES `jobs` WRITE;
/*!40000 ALTER TABLE `jobs` DISABLE KEYS */;
INSERT INTO `jobs` VALUES (4,6,26,1,'NHÂN VIÊN SEO WEBSITE','<p><span style=\"color: rgb(51, 65, 85);\">- Ưu tiên nam;</span></p><p><span style=\"color: rgb(51, 65, 85);\">- Tốt nghiệp Đại học, Cao Đẳng (chuyên ngành kinh tế, marketing, truyền thông,…..)</span></p><p><span style=\"color: rgb(51, 65, 85);\">- Có chuyên môn về truyền thông cơ bản và phân tích sản phẩm dịch vụ.</span></p><p><span style=\"color: rgb(51, 65, 85);\">- Hiểu biết về các công cụ hỗ trợ SEO.</span></p><p><span style=\"color: rgb(51, 65, 85);\">- Có khả năng sáng tạo và làm việc nhóm.</span></p><p><span style=\"color: rgb(51, 65, 85);\">- Viết lách tốt, hiểu rõ về dịch vụ công ty lẫn thương hiệu.</span></p><p><span style=\"color: rgb(51, 65, 85);\">- Ưu tiên ứng viên biết thiết kế hình ảnh, sản xuất nội dung thông qua hình ảnh.</span></p>','<p class=\"ql-align-justify\"><strong>* MÔ TẢ CÔNG VIỆC:</strong></p><p class=\"ql-align-justify\">- Nghiên cứu, xây dựng bộ từ khoá cho SEO</p><p class=\"ql-align-justify\">- Tham gia hoạt động sản xuất nội dung, chiến lược từ khoá, link building giúp tăng thứ hạng website công ty.</p><p class=\"ql-align-justify\">- Tham gia cùng team xây dựng và quản lý các chiến dịch Marketing, đóng góp các ý tưởng nội dung sáng tạo cho chiến dịch Digital Marketing.</p><p class=\"ql-align-justify\">- Nghiên cứu, phân tích sản phẩm/dịch vụ của doanh nghiệp, phân tích khách hàng và đối thủ để xây dựng chiến lược SEO</p><p class=\"ql-align-justify\">- Phát triển các trang mạng xã hội của công ty như facebook, Youtube, Tiktok,…</p><p class=\"ql-align-justify\">- Theo dõi, đánh giá, giám sát các kết quả SEO.</p><p class=\"ql-align-justify\">- Thực hiện công việc theo yêu cầu trưởng phòng Marketing.</p><p class=\"ql-align-justify\"><strong>* QUYỀN LỢI:</strong></p><p class=\"ql-align-justify\">- Được tham gia BHXH, BHYT, BHTN… theo quy định của pháp luật lao động;</p><p class=\"ql-align-justify\">- Có cơ hội được huấn luyện và đào tạo từ các chuyên gia, đội ngũ lãnh đạo hàng đầu trong nước và nước ngoài;</p><p class=\"ql-align-justify\">- Môi trường làm việc chuyên nghiệp;</p><p class=\"ql-align-justify\">- Cơ hội thăng tiến nội bộ;</p><p><br></p>','',8,12,'Cả hai','Nhân viên chính thức','Cao đẳng',NULL,'2023-11-05 23:14:56',NULL),(8,7,26,1,'IT Support Engineers - Microsoft Software Support (Fresher/Experienced) ','<p>Hãy gửi CV cho Tek Experts:</p><p>- Nếu bạn là sinh viên sắp tốt nghiệp hoặc vừa tốt nghiệp ngành IT, các ngành Kỹ Thuật; hoặc bạn đã có kinh nghiệm đi làm, và hiểu biết về các phần mềm CRM và ERP (preferred)</p><p>- Tek Experts cũng welcome bạn ứng tuyển nếu bạn chưa có bằng cấp kỹ thuật nhưng bạn đã có kinh nghiệm làm việc trong ngành IT.</p><p>- Nếu bạn có kỹ năng tư duy logic tốt cũng như khả năng giao tiếp tiếng Anh tốt (tương đương tối thiểu B2), bạn đam mê về công nghệ, phần mềm và đam mê học hỏi.</p>','<p>Tek Experts là sự kết hợp hoàn hảo giữa con người và công nghệ. Tek Experts cung cấp dịch vụ IT Outsourcing đồng thời hỗ trợ các tập đoàn trên thế giới trong các khâu thiết yếu của hoạt động kinh doanh.</p><p>Là đối tác chính thức của Microsoft tại Việt Nam, Tek Experts đang tìm kiếm Technical Support Engineer - Kỹ sư Hỗ trợ Phần mềm cho các sản phẩm Microsoft Dynamics.</p><p>Tại vị trí này, bạn sẽ đóng vai trò:</p><p>- Là đầu mối kỹ thuật chính, cung cấp các giải pháp hỗ trợ các khách hàng doanh nghiệp và đối tác nước ngoài,</p><p>- Khắc phục sự cố kỹ thuật liên quan tới các sản phẩm phần mềm của Microsoft Dynamics CRM (Customer Relationship Management) và Dynamics ERP (Enterprise Resources Planning).</p><p>-Bạn sẽ có cơ hội phát triển trong một môi trường có nhịp độ công việc nhanh và đầy thách thức, nơi mọi người đều được trao quyền và cam kết mang lại trải nghiệm khách hàng tốt nhất.</p><p>Đến với Tek Experts, các bạn sẽ có cơ hội tiếp cận, học hỏi và làm chủ các công nghệ hàng đầu:</p><p>• Dynamics CE/CRM</p><p>• Power App/ Automate</p><p>• Azure</p><p>• Office 365</p><p>• Windows Server</p><p>• .NET Development</p><p>• SQL</p>','<h2>Quyền lợi được hưởng</h2><p>Tek Experts sẽ offer bạn job FULL TIME với mức lương HẤP DẪN, cùng với:</p><p>1. Lương, thưởng, bảo hiểm:</p><p>- Được nhận 100% lương trong thời gian On Job Training</p><p>- Được đóng bảo hiểm trên 100% lương</p><p>- Được nhận Performance bonus/KPI bonus hàng quý và cuối năm</p><p>- Bảo hiểm sức khỏe PTI (hiện tại điều trị ngoại trú lên tới 15 triệu/năm, nội trú lên tới 100 triệu/năm)</p><p>- Được health check 1 năm/lần tại các bệnh viện lớn</p><p>2. Training &amp; development:</p><p>- Được native English instructor (từng giảng dạy tại British University Vietnam, ĐH Hà Nội, ĐH Quốc Gia HN, Language Link Vietnam...) song hành giảng dạy</p><p>- Được tham gia rất nhiều khóa đào tạo kĩ năng mềm bổ ích: Cultivate Your Leadership Program, Unleash Your Potential Program...</p><p>- Có cơ hội được offer cross-business-line, internal transfer/promotion</p><p>3. Internal activities:</p><p>- Được tham gia cực nhiều hoạt động nội bộ thú vị: Ngày hội Book Exchange, Tek Experts Uprace - Run for Community, Tek Expert Summer Trip, Giải bóng đá Tek League, Tek Experts Table Tennis Tournament, Loyal Employee Ceremony, Tek Experts X-Factor, Year End party,...</p><p>- Được nhận quà đều đặn vào các dịp lễ hàng năm từ công đoàn</p><p>4. Working environment:</p><p>- Làm việc 100% với khách hàng nước ngoài, giao tiếp hoàn toàn bằng tiếng Anh</p><p>- Đồng nghiệp trẻ trung từ nhiều quốc gia khác nhau, trải nghiệm môi trường đa văn hóa đúng nghĩa</p><p>- Văn phòng tọa lạc tại Lotte Centre, toà nhà cao thứ 3 tại Việt Nam với khu 360-panorama city view, pantry Sky Garden với bàn bi lắc và bóng bàn</p><p>- Được trang bị những thiết bị làm việc tối tân với 2 màn hình máy tính</p>',0,0,'Cả hai','Bán thời gian','Đại học','Trên 10 năm','2023-11-08 22:23:00',NULL),(9,7,26,79,'Node & ExpressJS mới','<p><span style=\"color: rgb(51, 65, 85);\">- University graduated with computer science, software, application programming related major ;</span></p><p><span style=\"color: rgb(51, 65, 85);\">- Proficiency with Java, Kotlin programming language;</span></p><p><span style=\"color: rgb(51, 65, 85);\">- Have experience with Flutter</span></p><p><span style=\"color: rgb(51, 65, 85);\">- 2 ~ 3 years of experience in developing Android app;</span></p><p><span style=\"color: rgb(51, 65, 85);\">- Experience in printer or device-linked apps and product development is preferred;</span></p><p><span style=\"color: rgb(51, 65, 85);\">- CameraX API/ Image Processing/BT development experience preferred;</span></p><p><span style=\"color: rgb(51, 65, 85);\">- Proficient in English or Korean shall be a plus;</span></p><p><span style=\"color: rgb(51, 65, 85);\">- Send CVs in English with details of involved products</span></p>','<p><span style=\"color: rgb(51, 65, 85);\">- Build and develop Android applications;</span></p><p><span style=\"color: rgb(51, 65, 85);\">- Get more details on job interview</span></p><p><span style=\"color: rgb(51, 65, 85);\">- Work place: CEO Tower, Phạm Hùng, Mễ Trì, Hà Nội</span></p>','<p><br></p><p>13th salarySocial insurance by lawProvided with computer or laptopSaturday and Sunday offAttractive salaryBeing trained by Korean expert</p>',10,12,'cả hai','Bán thời gian','Đại học','Không yêu cầu','2023-11-08 22:24:18','2024-01-05 02:21:37'),(10,6,26,1,'IT Tester (Remote) - Tiếng Nhật N2 (HCM/HN)','<ul><li>Bonus hai lần một năm.</li><li>Du lịch công ty, team-building,...</li><li>Thiết bị làm việc hiện đại.</li><li>Thời gian làm việc lịch hoạt (core time: 9:00 A.M. ~ 3:00 P.M.)</li><li>Khám sức khỏe định kỳ hằng năm.</li></ul>','<p>- Xem lại video cuộc họp giữa khách hàng và PM để nắm các yêu cầu của khách hàng và xác định việc cần làm.</p><p>- Kiểm tra lại hệ thống phát triển và cải tiến chỉ dẫn cho người dùng.</p><p>- Chỉ ra lỗi, yêu cầu các kỹ sư chỉnh sửa và theo dõi tiến độ.</p><p>- Giao tiếp với các bên liên quan của dự án để thúc đẩy phát triển sản phẩm.</p><p>- Xác nhận việc vận hành đúng như mong đợi và báo cáo kết quả.</p><p><strong>*** Địa điểm làm việc: Remote - thỉnh thoảng họp tại VP HCM/ HN.</strong></p><p><strong>*** Thời gian làm việc: Linh hoạt (core time: 9:00~15:00).</strong></p><p><strong>*** Quy trình PV: Dự kiến 2 vòng.</strong></p>','<h5>Kinh nghiệm / Kỹ năng chi tiết</h5><p class=\"ql-align-justify\">- Tốt nghiệp các chuyên ngành liên quan IT.</p><p class=\"ql-align-justify\">- Tiếng Nhật cấp độ business (tương đương N2~N1).</p><p class=\"ql-align-justify\">- Có kinh nghiệm ở vị trí tester, chủ động trong việc kiểm tra, đảm bảo phần mềm đáp ứng được nhu cầu thực tế của người dùng.</p><p class=\"ql-align-justify\">- Kinh nghiệm làm việc trong các công ty làm sản phẩm phần mềm (ưu tiên lĩnh vực thiết kế).</p><p class=\"ql-align-justify\">- Có kiến thức về công việc của các vị trí khác như BA, BrSE, PM...</p><p class=\"ql-align-justify\">- Có thể làm việc độc lập, nhanh nhạy, khả năng giao tiếp và thuyết phục.</p><p class=\"ql-align-justify\">- Có khả năng đề xuất cải tiến hệ thống, thực hiện kiểm thử ngay cả khi chưa có tài liệu chi tiết.</p><p class=\"ql-align-justify\">- Sẵn sàng học hỏi và thử thách với sản phẩm mới.</p><p class=\"ql-align-justify\">- Ưu tiên ứng viên có:</p><p class=\"ql-align-justify\">+ Kinh nghiệm test hệ thống bằng C#, Revit; hoặc có kiến thức về ngành xây dựng.</p><p class=\"ql-align-justify\">+ Kinh nghiệm lập trình/kiểm tra code viết bằng sourcetree.</p><p class=\"ql-align-justify\">+ Kinh nghiệm phân tích lỗi và đưa ra biện pháp cải tiến.</p><p class=\"ql-align-justify\">+ Các chứng chỉ liên quan đến kiểm tra chất lượng phần mềm.</p><p class=\"ql-align-justify\">+ Am hiểu về CNTT và kinh doanh SaaS.</p><p><br></p>',1,15,'nam','Nhân viên chính thức','Đại học','2 - 5 năm','2023-11-10 20:09:36',NULL),(11,8,34,92,'Chuyên viên kỹ thuật','<p> </p>','<p><strong style=\"color: rgb(51, 51, 51);\">MỤC TIÊU:</strong></p><p><span style=\"color: rgb(51, 51, 51);\">Trở thành công ty dược phẩm danh tiếng, có uy tín cao với các sản phẩm chất lượng, độc đáo từ dược liệu tại Việt Nam.</span></p><p><span style=\"color: rgb(51, 51, 51);\">TRIẾT LÝ KINH DOANH:</span></p><p><span style=\"color: rgb(51, 51, 51);\">- Kinh doanh là đem lại giá trị thực sự, lợi ích thực sự cho xã hội.</span></p><p><span style=\"color: rgb(51, 51, 51);\">- Lời khen của khách hàng là thước đo thành công của doanh nghiệp.</span></p><p><strong style=\"color: rgb(51, 51, 51);\">TÔN CHỈ:</strong></p><p><span style=\"color: rgb(51, 51, 51);\">- Nghiên cứu và phát triển các bài thuốc quý, cây thuốc quý Việt Nam.</span></p><p><span style=\"color: rgb(51, 51, 51);\">- Tạo dựng các sản phẩm chất lượng vì sức khoẻ người Việt.</span></p><p><span style=\"color: rgb(51, 51, 51);\">- Phát triển các giá trị thuần Việt, cố gắng từng bước xuất khẩu các sản phẩm có nguồn gốc dược liệu Việt Nam ra thế giới.</span></p><p><span style=\"color: rgb(51, 51, 51);\">- Luôn cổ vũ tinh thần yêu quý và sử dụng dược phẩm Việt Nam.</span></p>','<p> </p>',0,0,'Cả hai','Bán thời gian','Trung học','2 - 5 năm','2023-11-12 22:19:48',NULL),(13,6,2,2,' Nhân Viên IT','<p>ádasdas</p>','<ol><li>ádasdsad</li></ol>','<p>đâsd</p>',11,12,'Cả hai','Nhân viên chính thức','Không yêu cầu','Không yêu cầu','2023-11-16 00:56:59','2023-12-13 22:59:18'),(14,6,3,4,'[Ocean Edu Hải Dương 2] - Nhân Viên Tuyển Sinh','<p><strong style=\"color: rgb(189, 208, 226); background-color: rgb(26, 29, 30);\">* NHÂN THÂN</strong></p><p><span style=\"color: rgb(189, 208, 226); background-color: rgb(26, 29, 30);\">- Nữ/Nam tuổi từ 22- 32</span></p><p><strong style=\"color: rgb(189, 208, 226); background-color: rgb(26, 29, 30);\">* PHẨM CHẤT, KỸ NĂNG</strong></p><p><span style=\"color: rgb(189, 208, 226); background-color: rgb(26, 29, 30);\">- Tin học văn phòng&nbsp;cơ bản</span></p><p><span style=\"color: rgb(189, 208, 226); background-color: rgb(26, 29, 30);\">- Kỹ năng làm việc nhóm</span></p><p><span style=\"color: rgb(189, 208, 226); background-color: rgb(26, 29, 30);\">- Kỹ năng giao tiếp thuyết phục</span></p><p><strong style=\"color: rgb(189, 208, 226); background-color: rgb(26, 29, 30);\">* YÊU CẦU VỀ CÔNG CỤ VÀ PHƯƠNG TIỆN LÀM VIỆC</strong></p><p><span style=\"color: rgb(189, 208, 226); background-color: rgb(26, 29, 30);\">- Tự chủ động trong phương tiện đi lại.</span></p>','<p><span style=\"color: rgb(189, 208, 226); background-color: rgb(26, 29, 30);\">- Lập kế hoạch tuyển sinh, tư vấn các khóa học qua điện thoại và tư vấn trực tiếp tại văn phòng</span></p><p><span style=\"color: rgb(189, 208, 226); background-color: rgb(26, 29, 30);\">- Chăm sóc học viên</span></p><p><span style=\"color: rgb(189, 208, 226); background-color: rgb(26, 29, 30);\">- Tổ chức khai giảng</span></p><p><span style=\"color: rgb(189, 208, 226); background-color: rgb(26, 29, 30);\">- Hỗ trợ học viên qua các kênh tương tác: Skype, Chat Yahoo, Facebook…</span></p><p><span style=\"color: rgb(189, 208, 226); background-color: rgb(26, 29, 30);\">- Chi tiết công việc sẽ trao đổi cụ thể hơn khi phỏng vấn.</span></p>','<p>a</p>',11,13,'Cả hai','Nhân viên chính thức','Đại học','1 - 2 năm','2023-11-16 00:58:48',NULL),(15,6,26,79,'IT Business Development Executive','<p><strong style=\"color: rgb(51, 51, 51);\">JOB REQUIREMENT</strong></p><p><span style=\"color: rgb(51, 51, 51);\">• Having at least 2 years\' experience in Tech sector, SaaS related Sales Skills, preferably strong understanding in IT offshore outsourcing business model.</span></p><p><span style=\"color: rgb(51, 51, 51);\">• English must be excellent (Advance, preferably Vietnamese used to live/work in other countries)</span></p><p><span style=\"color: rgb(51, 51, 51);\">• Experience in Sales by working with “C” level/Sr Executive level contacts in these accounts, engaging with them focused on account mining and relationship building.</span></p><p><span style=\"color: rgb(51, 51, 51);\">• Experience in creating large proactive deals, creating strategy, planning and roadmaps. Proven track record in consulting, advising and solution selling.&nbsp;</span></p><p><span style=\"color: rgb(51, 51, 51);\">• Excellent customer interface skills – outstanding communication &amp; ability to deliver presentation, drive meetings. Develop long-term valued relationships with the client.&nbsp;</span></p><p><span style=\"color: rgb(51, 51, 51);\">Building and maintaining strong client relationships.</span></p><p><span style=\"color: rgb(51, 51, 51);\">• Ability to adapt in a rapidly changing environment, work effectively under high pressure, growth mode.</span></p><p><span style=\"color: rgb(51, 51, 51);\">• Excellent analytical, problem-solving, and decision-making skills.&nbsp;</span></p><p><span style=\"color: rgb(51, 51, 51);\">• Open-minded, listening, proactive, dedicated and handling uncertainty.</span></p><p><span style=\"color: rgb(51, 51, 51);\">• Result-oriented, strong commitment, cost-efficient mindset and entrepreneurship.</span></p><p><span style=\"color: rgb(51, 51, 51);\">• Handling in-depth knowledge of products and technologies, competitors and market conditions. This will require a high level of knowledge of the software industry and&nbsp;</span></p><p><span style=\"color: rgb(51, 51, 51);\">technology trends.</span></p><p><br></p><p><span style=\"color: rgb(51, 51, 51);\">What Makes You Standing Out</span></p><p><span style=\"color: rgb(51, 51, 51);\">• Strong experience of new business development activities through leading direct sales, in VN and Global.</span></p><p><span style=\"color: rgb(51, 51, 51);\">• Strong network and contact in the industry.</span></p><p><span style=\"color: rgb(51, 51, 51);\">• Ability to lead/execute an aggressive prospecting strategy (targeted cold calls, tele-prospecting, email, and social media) for hunting accounts.</span></p><p><span style=\"color: rgb(51, 51, 51);\">• Develop overview materials to support initial meetings/conversations.</span></p><p><span style=\"color: rgb(51, 51, 51);\">• Customer Satisfaction / Customer Management- orchestrate internal resources in sales and delivery to give the customer an enhanced experience across touchpoints.</span></p>','<p><span style=\"color: rgb(51, 51, 51);\">SCS is a Vietnam based one-stop software development powerhouse providing outsourcing, offshoring and managed services to help client foster their digital transformation journey. We have +120 employees across offices in Vietnam, United States and Germany and more than +3 years of technology experience from founding team.&nbsp;</span></p><p><span style=\"color: rgb(51, 51, 51);\">With a strong passion to build software - what we love and experiences in using cutting-edge technologies, we helped to tackle all clients’ challenges of any complexity and scale with the highest quality coding standard and customer satisfaction.&nbsp;</span></p><p><span style=\"color: rgb(51, 51, 51);\">At SCS, we do believe Happy People will make People Happy, therefore, we never stop cultivating a unique company culture that build up people horizontally and vertically.&nbsp;</span></p><p><span style=\"color: rgb(51, 51, 51);\">SCS is built by Vietnamese people that are born and grown in Western culture. So we know how to blend the specialty of the global cultures; we combine the precision, assertion, straightforwardness, non-hierarchical style of the WEST with the flexibility, teamwork and high customer-centricity from the EAST to encourage a collaborative and result-oriented working culture. Our client satisfaction (NPS) score is 95% and yearly employee turnover rate is 0.5% which clearly show a strong connection from the inside out.</span></p><p><span style=\"color: rgb(51, 51, 51);\">We are looking for passionate &amp; ambitious Senior Global Business Development Executives, directly collaborate with our CEO, to build up the next chapter together. The position is accountable for growing existing business and hunting new business development and revenue through Direct Sales and Customer Relationship Management.&nbsp;</span></p><p><span style=\"color: rgb(51, 51, 51);\">This position is expected to take lead our BD department in 6-9 months as per your actual performance evaluation.&nbsp;</span></p><p><span style=\"color: rgb(51, 51, 51);\">REPORT LINE: CEO</span></p>','<p><strong style=\"color: rgb(51, 51, 51);\">RESPONSIBILITIES&nbsp;</strong></p><p><span style=\"color: rgb(51, 51, 51);\">The position will be responsible for building a meaningful and quantifiable pipeline, opening high-level conversations, qualifying opportunities, identifying the decision makers, and closing the deal in a timely manner. This position requires meeting annual sales revenue targets and an understanding of how to execute long-term growth goals. The ideal candidate should know the competitive landscape of the client as well as bring experience and contacts into potential clients right out the gate.</span></p><p><span style=\"color: rgb(51, 51, 51);\">- Active identifying the potential customers, approaching and taking necessary actions to win the projects such as:</span></p><p><span style=\"color: rgb(51, 51, 51);\">Conducting meetings with customers to present the company, our capabilities, service and product.</span></p><p><span style=\"color: rgb(51, 51, 51);\">• Creating a proposal based on the existing technical solutions or studying a potential technology solution for the client’s needs with our Head of Presales / Head of Delivery.</span></p><p><span style=\"color: rgb(51, 51, 51);\">• Attending conferences/events/associations to generate leads, convert leads to opportunities, deals, and close the deals&nbsp;</span></p><p><span style=\"color: rgb(51, 51, 51);\">• Other tasks assigned by CEO.</span></p>',0,0,'Cả hai','Nhân viên chính thức','Đại học','1 - 2 năm','2023-11-28 00:08:55',NULL),(17,6,2,11,'Cộng Tác Viên Hậu Kỳ Dựng Video (Nhận Cả Sinh Viên) Làm Việc Từ Xa','<p>Không yêu cầu kinh nghiệm</p><p>Các bạn nữ tuổi từ 19-25</p><p>Chăm chỉ, tỉ mỉ, cẩn thận</p><p>Có thể đang học hoặc chưa đi làm</p><p>Có máy tính để làm việc từ xa</p><p>Có kinh nghiệm sử dụng các phần mềm hậu kì như Adobe Premier, Filmosa, Cutcap ...là một lợi thế</p><p>Có sở thích, đam mê về các hình thức giải trí ( âm nhạc, phim, game..V..V) là một lợi thế</p>','<h3>Mô tả công việc</h3><p>Biên dựng lại video cho các kênh trên nền tảng xã hội theo yêu cầu của nhà sản xuất</p><p>Làm việc từ xa, không cần đến văn phòng</p><p>Các công việc khác theo yêu cầu của quản lý</p>','<h3>Quyền lợi</h3><p>Được các chuyên gia Media hướng dẫn training trong công việc</p><p>Mức lương theo sản phẩm hoàn thành</p><p>Được thưởng theo mức độ thành công của dự án</p><p>Liên hoan tháng 1 lần</p><p>Du lịch năm 1 lần</p>',0,0,'cả hai','Thực tập','Không yêu cầu','1 - 2 năm','2023-12-03 13:43:05',NULL),(18,12,26,79,'Fresher Java (Tiếng Nhật) - Đào Tạo Tiếng Nhật - Thu Nhập 10-15M ','<ul><li>Là sinh viên đã/sắp tốt nghiệp đại học/cao đẳng chuyên ngành Công nghệ thông tin, Toán tin, Khoa học máy tính, Kỹ thuật phần mềm, Điện tử viễn thông... hoặc các chuyên ngành có liên quan.</li><li>Tiếng Nhật: đã có hoặc sắp thi chứng chỉ N4 trở lên; có khả năng sử dụng Tiếng Nhật tương đương N4+.</li><li>Yêu thích môi trường làm việc chuẩn Nhật và có định hướng làm việc onsite tại Nhật Bản.</li><li>Nắm vững kiến thức cơ bản về Lập trình hướng đối tượng, SQL, và Java Core.</li><li>Có thể tham gia đào tạo/làm việc Fulltime từ thứ 2 – thứ 6.</li><li>Ham học hỏi, máu lửa, nhiệt huyết, sẵn sàng chinh chiến đối đầu với thử thách khó khăn tại các dự án phần mềm lớn. Tuân thủ kỷ luật &amp; có trách nhiệm với công việc.</li></ul><p><br></p>','<ul><li>Tham gia chương trình Đào tạo tân binh: Đào tạo chuyên sâu trong vòng 6 tháng về Java và tiếng Nhật để chuẩn bị các kiến thức và hoàn thiện kỹ năng trước khi tham gia vào dự án, với các nội dung bao gồm:</li><li class=\"ql-indent-1\">Kiến thức về Database: Mô hình quan hệ thực thể (ERM). Hệ quản trị cơ sở dữ liệu Microsoft SQL Server – hiểu và làm việc với truy vấn SQL: T-SQL Statements, Advanced DML, SQL Join, Index, View., sử dụng các đối tượng nâng cao Database Objects: Transactions, Stored Procedure, User Defined Function, Trigger.</li><li class=\"ql-indent-1\">Lập trình Java Web: Java Core – Java SE 8 (Basic concepts: control-flow, keyword...Classes and Objects; OOP; String, static, Collections, Java IO, Concurrency, Lambda Expressions, Exceptions; JDBC); Thiết kế web với HTML5/ CSS3/ Bootstrap 4, JS, jQuery, AJAX. JSP/Servlet Basics, Exception Handling, Mô hình MVC; Hibernate (Configuration; Hibernate Mapping; Queries and Criteria; Performance; Stored Procedure); Sử dụng thành thạo Spring Framework (Spring core: Spring MVC; XML, Javabase, Annotation; Spring Data JPA; Spring); Build Tools: Maven, Gradle.</li><li class=\"ql-indent-1\">Phát triển phần mềm theo quy trình chuyên nghiệp: Hiểu các bước thực hiện dự án, bao gồm thiết kế ứng dụng, làm GUI, thiết kế code, Thực hiện Code Review (using StyleCop, FXCop), Unit Test (Nunit), kiểm tra chất lượng dự án. Luyện tập kỹ năng code trong dự án với các chuyên gia công nghệ &amp; lập trình viên nhiều năm kinh nghiệm.</li><li class=\"ql-indent-1\"><strong>Tiếng Nhật</strong>: Tham gia đào tạo 90-120p mỗi ngày về tiếng Nhật giao tiếp với giảng viên người nước ngoài hoặc luyện ngữ pháp, từ vựng.</li><li>Cơ hội tham gia và trở thành trở thành “key member” trong các siêu dự án của FPT Software trong các lĩnh vực: Thương mại điện tử, Vận tải Logistic, Hàng không, Chăm sóc sức khỏe... với công nghệ hiện đại về Web, Cloud/AWS...và đội ngũ chuyên gia giàu kinh nghiệm.</li></ul><p><br></p>','<ul><li>Trợ cấp đào tạo trong quá trình đào tạo từ 6.000.000 – 10.000.000 VNĐ/tháng</li><li>Hỗ trợ làm đồ án đối với các bạn sinh viên kỳ cuối đại học.</li><li>Được nhận học bổng đào tạo lên đến 250% học phí (tương đương trợ cấp đào tạo toàn khóa học lên đến 20.000.000VND/khóa) tùy theo mức độ đóng góp và kết quả đào tạo.</li><li>Sau khi kết thúc đào tạo tại FSOFT Academy: Tham gia làm việc tại các dự án với mức thu nhập hấp dẫn tương xứng với kỹ năng và kinh nghiệm của bạn, 12.000.000-15.000.000/tháng. Thu nhập trung bình 1 năm từ 13 -18 tháng lương, tùy theo kết quả đào tạo và làm việc.</li><li>Cơ hội tham gia onsite tại Nhật Bản nếu đạt kết quả đào tạo. Mức thu nhập khi tham gia onsite trung bình 700M/năm + Trợ cấp (Thưởng dự án, trợ cấp nhà ở,...)</li><li>Được đào tạo thêm các kiến thức về các công nghệ mới như: Cloud (AWS/ Azure...), DevOps; Frontend (Angular/ ReactJS...); Hưởng các chính sách như: Hỗ trợ thi các chứng chỉ chuyên nghiệp quốc tế (OCA/PMP...), hỗ trợ mua nhà, bảo hiểm FPT care...</li><li>Cơ hội phát triển bản thân và làm việc cùng các chuyên gia giỏi nhất của FPT Software và khách hàng lớn đến từ Mỹ, Pháp, Singapore, Nhật Bản...</li><li>Tiếp cận với những công nghệ tiên tiến hàng đầu về Web, phát triển kỹ năng mềm &amp; định hướng nghề nghiệp, tư vấn bí quyết thành công từ các chuyên gia.</li><li>Trải nghiệm văn hóa đặc trưng, môi trường làm việc hiện đại bậc nhất Việt Nam tại các Campus của FPT Software.</li></ul><p><br></p>',10,15,'cả hai','Nhân viên chính thức','Không yêu cầu','Không yêu cầu','2023-12-17 19:54:48',NULL),(19,12,1,1,'Biên Phiên Dịch Tiếng Nhật (N1 IT Communicator)','<p><span style=\"color: rgb(51, 51, 51);\">•Tiếng Nhật tương đương N2, N1. Thành thạo cả 4 kỹ năng nghe, nói, đọc, viết</span></p><p><span style=\"color: rgb(51, 51, 51);\">• Tốt nghiệp chuyên ngành tiếng Nhật</span></p><p><span style=\"color: rgb(51, 51, 51);\">• Ưu tiên ứng viên có kinh nghiệm trong lĩnh vực IT hoặc có am hiểu cơ bản về lĩnh vực</span></p><p><span style=\"color: rgb(51, 51, 51);\">• Thích học tiếng Nhật và yêu thích văn hóa Nhật Bản, thích giao tiếp với người Nhật</span></p><p><span style=\"color: rgb(51, 51, 51);\">• Có khả năng xử lý thông tin và nhận biết vấn đề nhanh, đưa ra ý kiến để cải thiện chất lượng công việc cùng với managers</span></p><p><span style=\"color: rgb(51, 51, 51);\">• Kỹ năng quản lý tốt</span></p><p><span style=\"color: rgb(51, 51, 51);\">• Năng động, hoạt bát, có tinh thần trách nhiệm cao trong công việc</span></p><p><span style=\"color: rgb(51, 51, 51);\">• Sẵn sàng làm việc tại Hòa Lạc• Thu nhập CẠNH TRANH. Nhân viên chính thức có 13 tháng lương.</span></p><p><span style=\"color: rgb(51, 51, 51);\">• Thưởng lương mềm theo dự án. Xét tăng lương 2 lần hàng năm.</span></p><p><span style=\"color: rgb(51, 51, 51);\">• Đóng BHXH đầy đủ và tặng thêm gói BHXH sức khỏe FPT care cho nhân viên</span></p><p><span style=\"color: rgb(51, 51, 51);\">• Lộ trình thăng tiến rõ ràng, rất nhiều vị trí và cơ hội thăng tiến cho nhân viên.</span></p><p><span style=\"color: rgb(51, 51, 51);\">• Làm việc từ thứ 2 đến thứ 6.</span></p><p><span style=\"color: rgb(51, 51, 51);\">• Được làm việc trực tiếp cùng khách hàng là các tập đoàn lớn của Nhật Bản, Mỹ, US, Singapore, Hàn Quốc...</span></p><p><span style=\"color: rgb(51, 51, 51);\">• Được đào tạo về ngôn ngữ, kỹ năng mềm</span></p><p><span style=\"color: rgb(51, 51, 51);\">• Có cơ hội đi Onsite tại Nhật, Hàn, ...</span></p><p><span style=\"color: rgb(51, 51, 51);\">• Tham gia các hoạt động nghỉ mát, du lịch, Teambuilding do công ty tổ chức hàng năm.</span></p><p><span style=\"color: rgb(51, 51, 51);\">• Tham gia các hoạt động event sôi động, câu lạc bộ thể thao, văn nghệ...</span></p><p><br></p>','<p><span style=\"color: rgb(51, 51, 51);\">• Là Cầu nối ngôn ngữ giữa đội dự án với khách hàng Nhật</span></p><p><span style=\"color: rgb(51, 51, 51);\">• Phiên dịch (Nhật- Việt, Việt-Nhật) cho các buổi họp cuộc họp nội bộ và các buổi meeting với Khách hàng Nhật của đội dự án</span></p><p><span style=\"color: rgb(51, 51, 51);\">• Dịch các loại tài liệu đã tiếp nhận theo yêu cầu đảm bảo đúng các nguyên tắc, quy trình dịch thuật của Công ty.</span></p><p><span style=\"color: rgb(51, 51, 51);\">• Trao đổi thông tin với khách hàng Nhật qua email, điện thoại.</span></p><p><span style=\"color: rgb(51, 51, 51);\">• Tiếp nhận và quản lý tài liệu, yêu cầu từ Khách hàng Nhật (tiếng Nhật), từ đội dự án (tiếng Việt hoặc tiếng Anh)</span></p><p><span style=\"color: rgb(51, 51, 51);\">• Dịch các email trao đổi giữa đội dự án và Khách hàng Nhật (Nhật-Việt, Việt/Anh-Nhật)</span></p>','<p><span style=\"color: rgb(51, 51, 51);\">• Thu nhập CẠNH TRANH. Nhân viên chính thức có 13 tháng lương.</span></p><p><span style=\"color: rgb(51, 51, 51);\">• Thưởng lương mềm theo dự án. Xét tăng lương 2 lần hàng năm.</span></p><p><span style=\"color: rgb(51, 51, 51);\">• Đóng BHXH đầy đủ và tặng thêm gói BHXH sức khỏe FPT care cho nhân viên</span></p><p><span style=\"color: rgb(51, 51, 51);\">• Lộ trình thăng tiến rõ ràng, rất nhiều vị trí và cơ hội thăng tiến cho nhân viên.</span></p><p><span style=\"color: rgb(51, 51, 51);\">• Làm việc từ thứ 2 đến thứ 6.</span></p><p><span style=\"color: rgb(51, 51, 51);\">• Được làm việc trực tiếp cùng khách hàng là các tập đoàn lớn của Nhật Bản, Mỹ, US, Singapore, Hàn Quốc...</span></p><p><span style=\"color: rgb(51, 51, 51);\">• Được đào tạo về ngôn ngữ, kỹ năng mềm</span></p><p><span style=\"color: rgb(51, 51, 51);\">• Có cơ hội đi Onsite tại Nhật, Hàn, ...</span></p><p><span style=\"color: rgb(51, 51, 51);\">• Tham gia các hoạt động nghỉ mát, du lịch, Teambuilding do công ty tổ chức hàng năm.</span></p><p><span style=\"color: rgb(51, 51, 51);\">• Tham gia các hoạt động event sôi động, câu lạc bộ thể thao, văn nghệ...</span></p><h3>Địa điểm làm việc</h3><p>- Hà Nội</p><p>- Hồ Chí Minh</p><p>- Đà Nẵng</p><p><br></p>',0,0,'cả hai','Nhân viên chính thức','Không yêu cầu','2 - 5 năm','2023-12-17 19:59:02',NULL),(20,14,56,70,'Giám Sát Nhà Phân Phối ( Sales Supervisor)','<p><strong>HỌC VẤN &amp; CHUYÊN NGÀNH:</strong></p><ul><li>Tốt nghiệp Đại học, ưu tiên ngành Quản Trị Kinh Doanh, Kinh Tế, Marketing...</li></ul><p><strong>KINH NGHIỆM:</strong></p><ul><li>Tối thiểu 02 - 03 năm kinh nghiệm làm công tác bán hàng, trong đó ít nhất 1 năm kinh nghiệm làm việc ở vị trí giám sát bán hàng tại các công ty đa quốc gia/công ty có qui mô lớn về ngành hàng tiêu dùng nhanh/ngành hàng sữa, thực phẩm</li></ul><p><strong>KIẾN THỨC CHUYÊN MÔN &amp; CÁC KỸ NĂNG:</strong></p><ol><li>Kiến thức chuyên môn:</li></ol><ul><li>Quản lý, điều hành và kiểm tra các hoạt động của đội ngũ nhân viên.</li><li>Phân tích tài chánh căn bản (doanh số, sản lượng, Lãi lỗ (P&amp;L), Tỷ lệ hoàn vốn (ROI))</li><li>Có kiến thức về kênh phân phối/ ngành hàng (thiết lập kế hoạch, theo dõi triển khai)</li></ul><ol><li>Kỹ năng tổng quát:</li></ol><ul><li>Kỹ năng giao tiếp</li><li>Kỹ năng đàm phán</li><li>Kỹ năng trình bày thuyết phục</li><li>Kỹ năng chăm sóc khách hàng</li><li>Kỹ năng dẫn dắt đội ngũ</li><li>Kỹ năng giải quyết vấn đề</li></ul><p><strong>CÁC YÊU CẦU KHÁC:</strong></p><ul><li>Tiếng Anh giao tiếp</li><li>Vi tính thành thạo</li><li>Nhiệt tình, Có ý chí</li><li>Chịu được áp lực công việc cao</li><li>Có tính chính trực</li></ul><p><br></p>','<p><strong>Là đại diện của công ty Vinamilk tại Nhà phân phối (NPP) chịu trách nhiệm hoàn toàn các hoạt động trong phạm vi khu vực được phân công bao gồm :</strong></p><ul><li>Quản lý &amp; phát triển địa bàn nhằm đạt mục tiêu doanh số, bao phủ, thị phần.</li><li>Quản lý Nhà phân phối- đảm bảo NPP thực hiện đúng Hợp Đồng NPP và các tiêu chí quản lý do công ty qui định</li><li>Quản lý &amp; sử dụng hiệu quả xe tải, tủ lạnh, bảng hiệu, hộp đèn và các vật phẩm bán hàng</li><li>Đảm bảo hệ thống bán hàng được duy trì và sử dụng hiệu quả</li><li>Giám Sát và Huấn luyện đội ngũ bán hàng (Nhân viên bán hàng (NVBH) &amp; Giám Sát Đội Bán Hàng (GSĐBH), nếu có)</li><li>Dịch vụ khách hàng và các nhiệm vụ khác</li></ul><p><br></p>','<h3>Quyền lợi</h3><ul><li>Chế độ lương bổng và đãi ngộ xứng đáng</li><li>Chế độ chăm sóc sức khỏe toàn diện</li><li>Làm việc trong môi trường năng động, thân thiện, cơ hội phát triển nghề nghiệp</li><li>Có cơ hội được đào tạo nâng cao về kiến thức, kỹ năng chuyên môn và xã hội</li><li>Cơ hội làm việc và gắn bó lâu dài tại công ty</li></ul><h3>Địa điểm làm việc</h3><p>- Bình Phước: Bình Long</p><p>- Bình Phước: TP Đồng Xoài</p><p>- Tây Ninh</p>',0,0,'cả hai','Nhân viên chính thức','Đại học','2 - 5 năm','2023-12-17 20:12:57',NULL),(21,10,26,74,'Tuyển Dụng Kỹ Sư Phát Triển Công Nghệ.','<ul><li class=\"ql-align-justify\">Có bằng cấp từ các trường đại học danh giá hoặc kinh nghiệm tương đương ở lĩnh vực kỹ thuật hoặc khoa học máy tính. Ưu tiên cho các bạn có bằng MS hoặc PhD.</li><li class=\"ql-align-justify\">Có kinh nghiệm lập trình song song, lý tưởng nhất là CUDA, OpenCL và OpenACC.</li><li class=\"ql-align-justify\">Nắm vững kiến thức C/C ++ và/hoặc Fortran.</li><li class=\"ql-align-justify\">Nắm vững kiến thức thiết kế phần mềm, kỹ thuật lập trình và thuật toán.</li><li class=\"ql-align-justify\">Hiểu rõ các nguyên tắc toán học cơ bản, bao gồm đại số tuyến tính và các phương pháp số.</li><li class=\"ql-align-justify\">Có kiến thức vế một lĩnh vực nhất định sẽ là một điểm cộng, ví dụ như Deep Learning, Machine Learning, Atmospheric Science, Optics và Photonics.</li></ul><p><br></p>','<ul><li class=\"ql-align-justify\">Nghiên cứu và phát triển các kỹ thuật tiên tiến trong deep learning, graphs, machine learning, và phân tích dữ liệu, đồng thời thực hiện các phân tích chuyên sâu và đảm bảo hiệu suất tốt nhất trên các kiến trúc GPU thế hệ hiện tại và tiếp theo.</li><li class=\"ql-align-justify\">Làm việc trực tiếp với các khách hàng chính để hiểu các vấn đề của họ và cung cấp các giải pháp AI tốt nhất thông qua GPU.</li><li class=\"ql-align-justify\">Cộng tác chặt chẽ với các nhóm kiến trúc, nghiên cứu, thư viện, công cụ và phần mềm hệ thống tại NVIDIA để thiết kế các kiến trúc, nền tảng phần mềm và mô hình lập trình thế hệ tiếp theo.</li></ul><p><br></p>','',20,25,'cả hai','Nhân viên chính thức','Đại học','5 - 10 năm','2023-12-17 20:23:05',NULL);
/*!40000 ALTER TABLE `jobs` ENABLE KEYS */;
UNLOCK TABLES;

--
-- Table structure for table `provinces`
--

DROP TABLE IF EXISTS `provinces`;
/*!40101 SET @saved_cs_client     = @@character_set_client */;
/*!50503 SET character_set_client = utf8mb4 */;
CREATE TABLE `provinces` (
  `id` int NOT NULL,
  `name` varchar(255) NOT NULL,
  `nameWithType` varchar(255) DEFAULT NULL,
  PRIMARY KEY (`id`),
  UNIQUE KEY `id_UNIQUE` (`id`)
) ENGINE=InnoDB DEFAULT CHARSET=utf8mb4 COLLATE=utf8mb4_0900_ai_ci;
/*!40101 SET character_set_client = @saved_cs_client */;

--
-- Dumping data for table `provinces`
--

LOCK TABLES `provinces` WRITE;
/*!40000 ALTER TABLE `provinces` DISABLE KEYS */;
INSERT INTO `provinces` VALUES (1,'Hà Nội','Thành phố Hà Nội'),(2,'Hà Giang','Tỉnh Hà Giang'),(4,'Cao Bằng','Tỉnh Cao Bằng'),(6,'Bắc Kạn','Tỉnh Bắc Kạn'),(8,'Tuyên Quang','Tỉnh Tuyên Quang'),(10,'Lào Cai','Tỉnh Lào Cai'),(11,'Điện Biên','Tỉnh Điện Biên'),(12,'Lai Châu','Tỉnh Lai Châu'),(14,'Sơn La','Tỉnh Sơn La'),(15,'Yên Bái','Tỉnh Yên Bái'),(17,'Hoà Bình','Tỉnh Hoà Bình'),(19,'Thái Nguyên','Tỉnh Thái Nguyên'),(20,'Lạng Sơn','Tỉnh Lạng Sơn'),(22,'Quảng Ninh','Tỉnh Quảng Ninh'),(24,'Bắc Giang','Tỉnh Bắc Giang'),(25,'Phú Thọ','Tỉnh Phú Thọ'),(26,'Vĩnh Phúc','Tỉnh Vĩnh Phúc'),(27,'Bắc Ninh','Tỉnh Bắc Ninh'),(30,'Hải Dương','Tỉnh Hải Dương'),(31,'Hải Phòng','Thành phố Hải Phòng'),(33,'Hưng Yên','Tỉnh Hưng Yên'),(34,'Thái Bình','Tỉnh Thái Bình'),(35,'Hà Nam','Tỉnh Hà Nam'),(36,'Nam Định','Tỉnh Nam Định'),(37,'Ninh Bình','Tỉnh Ninh Bình'),(38,'Thanh Hóa','Tỉnh Thanh Hóa'),(40,'Nghệ An','Tỉnh Nghệ An'),(42,'Hà Tĩnh','Tỉnh Hà Tĩnh'),(44,'Quảng Bình','Tỉnh Quảng Bình'),(45,'Quảng Trị','Tỉnh Quảng Trị'),(46,'Thừa Thiên Huế','Tỉnh Thừa Thiên Huế'),(48,'Đà Nẵng','Thành phố Đà Nẵng'),(49,'Quảng Nam','Tỉnh Quảng Nam'),(51,'Quảng Ngãi','Tỉnh Quảng Ngãi'),(52,'Bình Định','Tỉnh Bình Định'),(54,'Phú Yên','Tỉnh Phú Yên'),(56,'Khánh Hòa','Tỉnh Khánh Hòa'),(58,'Ninh Thuận','Tỉnh Ninh Thuận'),(60,'Bình Thuận','Tỉnh Bình Thuận'),(62,'Kon Tum','Tỉnh Kon Tum'),(64,'Gia Lai','Tỉnh Gia Lai'),(66,'Đắk Lắk','Tỉnh Đắk Lắk'),(67,'Đắk Nông','Tỉnh Đắk Nông'),(68,'Lâm Đồng','Tỉnh Lâm Đồng'),(70,'Bình Phước','Tỉnh Bình Phước'),(72,'Tây Ninh','Tỉnh Tây Ninh'),(74,'Bình Dương','Tỉnh Bình Dương'),(75,'Đồng Nai','Tỉnh Đồng Nai'),(77,'Bà Rịa - Vũng Tàu','Tỉnh Bà Rịa - Vũng Tàu'),(79,'Hồ Chí Minh','Thành phố Hồ Chí Minh'),(80,'Long An','Tỉnh Long An'),(82,'Tiền Giang','Tỉnh Tiền Giang'),(83,'Bến Tre','Tỉnh Bến Tre'),(84,'Trà Vinh','Tỉnh Trà Vinh'),(86,'Vĩnh Long','Tỉnh Vĩnh Long'),(87,'Đồng Tháp','Tỉnh Đồng Tháp'),(89,'An Giang','Tỉnh An Giang'),(91,'Kiên Giang','Tỉnh Kiên Giang'),(92,'Cần Thơ','Thành phố Cần Thơ'),(93,'Hậu Giang','Tỉnh Hậu Giang'),(94,'Sóc Trăng','Tỉnh Sóc Trăng'),(95,'Bạc Liêu','Tỉnh Bạc Liêu'),(96,'Cà Mau','Tỉnh Cà Mau');
/*!40000 ALTER TABLE `provinces` ENABLE KEYS */;
UNLOCK TABLES;

--
-- Table structure for table `save_job`
--

DROP TABLE IF EXISTS `save_job`;
/*!40101 SET @saved_cs_client     = @@character_set_client */;
/*!50503 SET character_set_client = utf8mb4 */;
CREATE TABLE `save_job` (
  `id` int NOT NULL AUTO_INCREMENT,
  `idUser` int NOT NULL,
  `idJob` int NOT NULL,
  `createdAt` datetime DEFAULT NULL,
  PRIMARY KEY (`id`),
  UNIQUE KEY `id_UNIQUE` (`id`),
  KEY `id_user_idx` (`idUser`),
  KEY `id_job_idx` (`idJob`),
  CONSTRAINT `id_job_save` FOREIGN KEY (`idJob`) REFERENCES `jobs` (`id`) ON DELETE CASCADE ON UPDATE CASCADE,
  CONSTRAINT `id_user_save` FOREIGN KEY (`idUser`) REFERENCES `users` (`id`) ON DELETE CASCADE ON UPDATE CASCADE
) ENGINE=InnoDB AUTO_INCREMENT=257 DEFAULT CHARSET=utf8mb4 COLLATE=utf8mb4_0900_ai_ci;
/*!40101 SET character_set_client = @saved_cs_client */;

--
-- Dumping data for table `save_job`
--

LOCK TABLES `save_job` WRITE;
/*!40000 ALTER TABLE `save_job` DISABLE KEYS */;
INSERT INTO `save_job` VALUES (109,17,4,'2023-11-21 11:49:41'),(127,17,13,'2023-11-27 00:23:04'),(171,18,14,'2023-12-07 19:02:27'),(176,18,4,'2023-12-09 00:48:10'),(236,17,18,'2023-12-28 01:55:17'),(249,19,21,'2024-01-01 00:24:32'),(251,19,18,'2024-01-01 00:24:37'),(252,19,19,'2024-01-01 00:24:59'),(254,17,17,'2024-01-04 19:39:24');
/*!40000 ALTER TABLE `save_job` ENABLE KEYS */;
UNLOCK TABLES;

--
-- Table structure for table `users`
--

DROP TABLE IF EXISTS `users`;
/*!40101 SET @saved_cs_client     = @@character_set_client */;
/*!50503 SET character_set_client = utf8mb4 */;
CREATE TABLE `users` (
  `id` int NOT NULL AUTO_INCREMENT,
  `name` varchar(255) NOT NULL,
  `email` varchar(255) NOT NULL,
  `password` varchar(255) NOT NULL,
  `idProvince` int DEFAULT NULL,
  `phone` varchar(100) DEFAULT NULL,
  `avatarPic` varchar(255) DEFAULT NULL,
  `birthDay` datetime DEFAULT NULL,
  `intro` varchar(10000) DEFAULT NULL,
  `linkSocial` varchar(255) DEFAULT NULL,
  `sex` varchar(45) DEFAULT NULL,
  PRIMARY KEY (`id`),
  UNIQUE KEY `id_UNIQUE` (`id`),
  UNIQUE KEY `email_UNIQUE` (`email`),
  KEY `idProvince_idx` (`idProvince`),
  CONSTRAINT `idProvinceUser` FOREIGN KEY (`idProvince`) REFERENCES `provinces` (`id`)
) ENGINE=InnoDB AUTO_INCREMENT=24 DEFAULT CHARSET=utf8mb4 COLLATE=utf8mb4_0900_ai_ci;
/*!40101 SET character_set_client = @saved_cs_client */;

--
-- Dumping data for table `users`
--

LOCK TABLES `users` WRITE;
/*!40000 ALTER TABLE `users` DISABLE KEYS */;
INSERT INTO `users` VALUES (17,'Đinh Tấn Mãi','1@g.com','$2b$10$C8u6Ey52ojI10ETcIRTMNeBSloPxSCKUMimtRNvU1/OGHi6BaAMWK',2,'132123','1704379010863blob','2003-10-03 07:00:00','<p>Chào mừng mọi người,</p><ul><li>Tôi là Đinh Tấn Mãi, một sinh viên năm thứ ba tại trường Đại học Trà Vinh, với ước mơ và đam mê lớn về lĩnh vực Công nghệ Thông tin. Việc của tôi không chỉ là một sự chọn lựa nghề nghiệp, mà còn là đam mê và niềm đam mê thúc đẩy tôi không ngừng học hỏi và khám phá.</li><li>Tính đến thời điểm này, tôi đang hoàn thành năm thứ ba của chương trình đào tạo và đã tích lũy được một số kiến thức chuyên sâu về Công nghệ Thông tin. Những môn học như Lập trình, Cơ sở dữ liệu, An toàn thông tin đã giúp tôi xây dựng nền tảng vững chắc và kỹ năng cần thiết để thách thức bản thân trong ngành IT.</li><li>Tôi không chỉ học về kiến thức lý thuyết mà còn tích hợp nó vào thực tế thông qua các dự án và bài thực hành. Điều này giúp tôi phát triển kỹ năng làm việc nhóm, giải quyết vấn đề và tư duy logic. Bạn có thể tin tưởng rằng tôi sẽ đem đến sự chuyên nghiệp và hiệu quả trong mọi dự án mà tôi tham gia.</li><li>Qua hành trình học tập và trải nghiệm, tôi hiểu rằng ngành Công nghệ Thông tin đang ngày càng trở nên quan trọng trong mọi lĩnh vực. Với sự hứng thú và động lực, tôi muốn đóng góp vào sự phát triển của ngành này thông qua việc tìm kiếm một cơ hội thực tập hoặc việc làm.</li><li>Tôi đánh giá cao cơ hội được làm việc trong môi trường năng động và sáng tạo, nơi tôi có thể áp dụng kiến thức đã học và học hỏi từ các chuyên gia có kinh nghiệm. Tôi tin rằng với tinh thần làm việc chăm chỉ, kiên trì và lòng say mê với ngành nghề, tôi có thể đóng góp tích cực vào sự phát triển của tổ chức.</li></ul><p>Rất mong có cơ hội được gặp gỡ và chia sẻ thêm về khả năng và đam mê của mình trong một cuộc trò chuyện chi tiết.</p><p>Xin chân thành cảm ơn.</p>','https://www.facebook.com/profile.php?id=100009870183722','Nữ'),(18,'Nguyễn Thanh Hương','2@g.com','$2b$10$rNG5VskYWn7L1/gVd83VBe7rEuXsOPoxbcpWiHnTnXfOttDyEqOMi',30,'123456789','1703772494758blob','2000-02-08 07:00:00','<p>- Xây dựng và duy trì chiến lược công nghệ, đề xuất áp dụng các giải pháp</p><p>- Xây dựng và triển khai kế hoạch thực hiện các dự án công nghệ thông tin. Quản lý các dự án CNTT</p><p>- Lập kế hoạch phát triển hệ thống ứng dụng đáp ứng nhu cầu theo từng giai đoạn</p><p>- Chuẩn hóa các quy trình trước khi áp dụng các hệ thống CNTT</p><p>- Duy trì các hệ thống CNTT hoạt động ổn định, bảo mật, an toàn dữ liệu</p><p>- Nghiên cứu phát triển áp dụng CNTT vào Công ty một cách hiệu quả.</p><p>- Thiết kế, xây dựng kiến trúc cơ sở hạ tầng công nghệ</p><p>- Định hướng, quản lý hoạt động và phát triển nguồn lực nhân viên Phòng IT.</p><p>- Xây dựng quy định liên quan đến hệ thống CNTT</p><p>- Chi tiết công việc sẽ trao đổi rõ hơn trong buổi Phỏng vấn.</p><p>hihi</p>','https://www.facebook.com/thanhhuong','Nữ'),(19,'Phạm Văn Đức','3@g.com','$2b$10$UqDG7.CTFPD/j2.2w5SFg.3UuYzohjH7ahmqxG63yjXcAvv59FNry',NULL,'123','1702825815449blob',NULL,NULL,NULL,NULL),(20,'Đinh Tấn Mãi','4@g.com','$2b$10$MqrPKtcIF8tsRe.q/EeCROgRRkuv.rZNKnLqjZiSGi2KTofQlluHa',NULL,'0372481800','1702825832639blob',NULL,NULL,NULL,NULL),(21,'Vũ Hoàng Long','tanmai03102003@gmail.com','$2b$10$ndUZYsg37IubP682Y8tRi.zX5Co2D4gZVyXhdR7zoPwgV8z4Eyx1i',NULL,'123','1702825944257blob',NULL,NULL,NULL,NULL),(23,'a123123','6@g.com','$2b$10$5Jj4YBmJQD/vaWGogEPf7uEfZB60OfEZ/t6bOL544lKYRYPlmSPs6',NULL,'',NULL,NULL,NULL,NULL,NULL);
/*!40000 ALTER TABLE `users` ENABLE KEYS */;
UNLOCK TABLES;
/*!40103 SET TIME_ZONE=@OLD_TIME_ZONE */;

/*!40101 SET SQL_MODE=@OLD_SQL_MODE */;
/*!40014 SET FOREIGN_KEY_CHECKS=@OLD_FOREIGN_KEY_CHECKS */;
/*!40014 SET UNIQUE_CHECKS=@OLD_UNIQUE_CHECKS */;
/*!40101 SET CHARACTER_SET_CLIENT=@OLD_CHARACTER_SET_CLIENT */;
/*!40101 SET CHARACTER_SET_RESULTS=@OLD_CHARACTER_SET_RESULTS */;
/*!40101 SET COLLATION_CONNECTION=@OLD_COLLATION_CONNECTION */;
/*!40111 SET SQL_NOTES=@OLD_SQL_NOTES */;

-- Dump completed on 2024-01-05 17:37:34
